{
  "version": "1.2.4",
  "release_date": "2025-11-17T16:44:28.226840",
  "build_type": "stable",
  "features": [
    "تحسينات واجهة المستخدم",
    "نظام فلاتر محسن",
    "رسائل تشويقية للميزات القادمة",
    "إصلاحات شاملة للفلاتر",
    "تحسينات الأمان والأداء"
  ],
  "requirements": [
    "Python 3.7+",
    "tkinter (مدمج مع Python)",
    "Google Sheets API",
    "اتصال بالإنترنت"
  ]
}